?G(DFT),?G(AGAT)
-0.02207,-0.06263
0.19127,0.34659
0.92488,1.37072
1.24609,1.39305
-0.1908,-0.23247
0.90882,0.90429
1.1181,1.37742
0.50946,0.29286
0.21226,0.29174
0.05725,0.12942
0.08663,0.17037
1.52935,1.81323
0.89549,0.91189
0.25156,0.30922
-0.00981,0.02226
0.40798,0.44568
0.44918,0.585
-0.2734,-0.18225
-0.3288,-0.36337
1.19223,1.29889
0.25193,0.29436
1.08681,1.07827
3.97986,4.08622
0.44248,0.56133
-0.29377,-0.26882
1.02922,0.95588
0.51204,0.61127
3.83511,3.78661
0.51509,0.55765
0.50876,0.57361
-0.14179,-0.04854
1.24147,1.04642
0.42936,0.64133
0.0934,0.16688
1.24365,1.41709
1.22877,1.53658
0.21598,0.4785
0.4939,0.47612
0.10154,0.05529
0.1958,0.30671
0.43509,0.57651
1.09367,1.18133
1.86862,1.97142
1.07165,1.08158
0.79686,0.83053
3.68477,3.78991
0.73968,0.70038
2.64649,2.65942
0.99052,1.14068
0.25226,0.19636
0.49986,0.77509
-0.01668,-0.00916
0.39334,0.45889
1.02635,1.0851
0.43705,0.27609
0.89154,1.31136
0.35984,0.40702
3.81316,4.12182
3.94009,3.89611
0.78435,0.94599
0.08327,0.15317
-0.04848,0.18066
-0.16637,-0.17948
0.15724,0.26242
1.65001,1.93959
-0.39158,-0.41567
1.85039,1.81789
0.25324,0.25973
0.74849,0.73357
-0.3895,-0.26922
2.17456,2.03098
-0.18834,-0.11927
-0.15162,0.01856
0.21358,0.48186
1.12428,1.31418
-0.15327,-0.1164
3.81776,3.73676
-0.1523,-0.22146
0.93437,1.04706
0.33301,0.32656
0.16565,0.1551
0.43804,0.67757
0.77175,0.9765
1.20195,1.27879
0.26356,0.07054
-0.17732,-0.01574
1.01349,1.17985
1.01501,1.21892
3.79087,3.86062
0.22649,0.44184
1.22098,1.29923
-0.13763,-0.052
-0.30437,-0.21198
1.92784,1.97563
0.19318,0.24947
0.21881,0.39199
-0.23827,-0.13061
0.02375,0.04493
3.77724,3.81673
3.70037,3.45623
1.05567,1.33055
0.51533,0.61199
0.17437,0.46278
-0.12269,-0.03667
1.24407,1.37501
-0.292,-0.09472
-0.20934,-0.16205
1.71145,1.72043
0.96271,1.08285
0.83285,1.02854
0.95767,0.80622
0.53809,0.76632
1.32071,1.44317
1.29513,1.1496
-0.35547,-0.18103
1.33505,1.30495
0.26324,0.37064
0.85646,0.92234
1.8015,1.66203
0.53667,0.66831
3.98674,3.99139
1.53313,1.58782
-0.37102,-0.29837
0.96388,1.16535
0.42378,0.63852
2.17772,2.14909
0.47263,0.26368
0.22218,0.02021
0.23412,0.0161
1.40093,1.26299
0.09264,0.18018
0.07753,0.27922
0.77125,0.84308
1.16779,0.98637
0.563,0.52138
0.11323,0.06725
0.53812,0.65981
1.42269,1.58351
-0.15177,-0.22456
0.96135,1.13028
0.3517,0.38274
3.88024,4.02859
0.75827,0.92799
0.73334,0.87743
1.68981,2.01386
0.50812,0.41666
-0.00549,0.01213
1.4384,1.15508
0.94895,0.8385
-0.11784,-0.13261
1.56659,1.70795
0.78855,0.99858
0.47782,0.60615
-0.23563,-0.06214
0.50601,0.6142
0.36136,0.49408
0.00343,0.25092
0.36202,0.35765
4.17794,4.17409
0.31309,0.41591
0.60998,0.61866
1.47122,1.64396
1.12535,1.23995
1.12987,1.28149
0.82654,0.76427
1.56619,1.49372
1.14974,1.40096
0.1226,0.14836
2.05161,1.85349
-0.15089,-0.08962
-0.23031,0.03825
0.89143,0.67292
3.65976,4.01709
-0.09055,-0.00924
0.48598,0.49641
-0.10084,0.03432
1.23906,1.29687
3.66768,3.54068
0.64576,0.79056
1.83253,1.89414
0.89751,0.91311
0.65412,0.66412
0.2113,0.41154
-0.52388,-0.55427
0.72099,0.95557
0.10668,0.16291
0.16261,0.1688
-0.07894,-0.16371
1.36578,1.3723
4.36871,4.35813
0.07227,0.16111
-0.04375,0.06032
0.71696,0.56237
-0.16159,-0.01239
0.58005,0.68377
3.82479,3.69225
0.91205,0.98284
-0.1915,-0.20147
0.38002,0.50922
0.51358,0.58556
0.71411,0.86103
0.35271,0.3838
0.07639,0.23521
0.16175,0.1411
3.56136,3.44882
-0.25635,-0.1082
1.70538,1.64562
-0.37996,-0.40147
1.44339,1.49317
0.04409,-0.02807
0.69474,0.77413
1.52655,1.46981
4.0814,3.98691
0.53058,0.5769
0.44976,0.55838
0.64751,0.85298
0.46425,0.72295
0.39083,0.45749
0.65902,0.66286
1.28526,1.02314
1.65046,1.74257
-0.16618,-0.2009
0.76711,1.04393
-0.20719,-0.2552
4.08933,4.17344
0.58734,0.83026
-0.15219,-0.24061
0.09696,0.1895
0.50208,0.62647
0.19135,0.4003
0.35219,0.36596
0.61737,0.60013
0.21793,0.26814
0.54672,0.71259
-0.13956,-0.14026
-0.05201,0.01833
-0.29077,-0.28002
-0.22046,-0.19538
0.39227,0.46016
0.49991,0.32699
0.69452,0.76621
0.72627,0.89766
0.55649,0.62975
0.69869,0.68094
0.03252,0.26789
0.49305,0.89239
4.17198,4.23946
0.44892,0.54766
0.51797,0.61057
4.21125,4.26759
1.86618,1.9843
1.39921,1.29872
0.16772,0.19389
-0.11856,0.01154
0.7305,0.99951
0.89389,1.08455
0.56054,0.52899
1.01704,0.926
0.27604,0.34912
-0.25362,-0.1115
-0.19569,-0.24187
0.14765,0.27131
1.20256,1.29655
0.85611,1.03425
1.1746,1.09525
1.29425,1.56287
0.76507,0.88664
0.50062,0.50147
-0.21868,-0.18298
1.38558,1.5541
2.56382,2.51739
-0.39911,-0.38104
0.56017,0.7266
0.48969,0.57965
0.22511,0.12831
0.69211,0.77864
1.0312,1.19917
-0.26233,-0.20576
-0.28963,-0.09258
0.57957,0.73818
3.58195,3.48117
1.47187,1.62266
0.22316,0.31883
4.34248,4.15617
0.5489,0.72708
0.71317,0.8038
1.16499,1.16993
1.70849,1.88794
0.13841,0.23442
-0.16254,-0.20261
0.44259,0.44031
0.55255,0.68569
0.96455,1.22028
0.56999,0.65189
3.77757,4.2255
-0.57918,-0.65211
0.02295,0.24398
-0.52385,-0.60151
0.35761,0.3496
0.05314,-0.03716
0.21903,0.29199
0.63925,0.59996
3.88832,3.96642
1.86745,2.00994
0.37392,0.5237
1.55504,1.47486
0.04746,0.04134
0.48908,0.56191
0.99174,1.12646
3.83278,3.88009
-0.15246,0.03767
0.20288,0.3838
1.08924,1.07761
-0.22564,-0.13978
0.84524,0.88105
4.11035,4.02276
0.79853,0.97945
1.52852,1.66969
0.26505,0.51282
0.48106,0.58476
2.00216,1.98843
1.44706,1.40685
0.76503,0.90495
4.04361,4.17513
0.62597,0.55928
-0.13162,-0.2133
-0.35592,-0.31528
1.35781,1.38336
0.40761,0.47717
0.42002,0.54526
3.83676,3.82173
1.89873,1.98618
0.98496,1.09322
0.27286,0.45603
0.56499,0.70902
2.16817,2.13906
-0.15722,-0.05365
0.03294,0.33052
0.37402,0.51955
0.54725,0.77107
0.57908,0.72878
0.15557,0.12445
4.15282,4.16886
-0.23138,-0.13722
4.12913,4.26709
0.49601,0.42555
0.57143,0.63118
0.55075,0.68306
0.48748,0.61678
0.32265,0.37768
1.07349,1.29307
0.62529,0.80621
0.03803,-0.06056
1.20651,1.33616
0.41595,0.44609
0.20676,0.31092
0.5648,0.72057
1.30779,1.28946
0.1906,0.44277
4.10197,4.03771
-0.17769,-0.13171
0.90732,1.05836
1.50714,1.58343
1.00643,1.09269
0.48497,0.69251
-0.04796,0.03069
1.47591,1.60822
0.50536,0.52616
0.24401,0.34792
0.33103,0.63459
1.33518,1.36545
0.13007,0.22187
1.88731,2.11683
0.29933,0.45536
0.92006,1.12557
0.07854,0.25078
0.47243,0.47822
0.75173,0.70939
0.25963,0.20787
1.04865,1.21298
0.46912,0.53447
-0.05449,-0.00797
-0.00731,0.10719
3.39682,3.53722
0.21334,0.26159
1.24083,1.49744
1.54706,1.61623
1.12629,1.52535
0.88986,1.07143
0.79794,0.8405
0.18294,0.22733
0.37216,0.39292
2.00927,1.92388
0.41135,0.50123
0.12063,-0.02742
1.19998,1.15805
0.26822,0.39353
0.6002,0.74996
-0.37251,-0.4317
-0.18531,-0.18662
0.56057,0.75719
1.35991,1.30689
1.16006,1.2732
0.18169,0.23837
1.0545,1.06933
0.43977,0.49658
0.90645,0.61319
0.2039,0.19411
0.19029,0.11087
0.45429,0.19354
-0.08553,0.00326
1.11834,1.30158
0.74429,0.75021
0.45118,0.5666
-0.2385,-0.3083
0.94084,0.56639
1.6377,1.95528
0.85729,0.77123
-0.19566,-0.05625
1.53119,1.69259
-0.40269,-0.40082
1.20843,1.3361
3.88075,4.03715
1.56885,1.68023
0.58549,0.73373
3.79515,3.73866
0.98455,0.94685
3.80258,3.95001
0.31321,0.31246
1.09592,1.14847
0.20772,0.42816
0.16382,0.35637
1.48491,1.60714
1.20072,1.29276
0.90788,0.81788
1.07709,1.10612
0.67979,0.73767
0.7789,0.99607
-0.57311,-0.50799
0.86739,1.16468
0.70764,0.83341
1.62791,1.81772
0.24099,0.18781
-0.2024,-0.14563
0.2395,0.22782
0.16369,0.10869
0.93091,1.00498
-0.45419,-0.41827
0.59563,0.66527
0.03023,0.13399
0.22009,0.19902
0.21437,0.24011
0.69561,0.79116
0.40358,0.35936
0.34334,0.53486
0.65065,0.81386
0.18182,0.26505
1.05682,0.94209
0.04987,0.22177
1.12562,1.36409
0.83123,0.88496
-0.45742,-0.4184
0.30465,0.35877
0.76918,0.78064
0.27708,0.24885
0.21023,0.27392
0.10137,0.20992
1.29425,1.5644
0.82827,1.01676
-0.2773,-0.10775
0.31422,0.41597
1.55087,1.69885
1.07221,1.28849
-0.13756,-0.17317
-0.08757,0.02355
0.36449,0.30258
0.56159,0.73662
0.88076,0.88033
1.06673,1.02066
0.75395,0.87657
4.26061,4.39146
0.35005,0.50408
1.93923,2.27497
1.17677,1.11702
-0.02141,-0.0381
0.9813,1.0313
0.59595,0.75162
1.92032,1.78243
0.03191,0.06904
0.70116,0.79517
0.64642,0.78238
-0.1525,-0.04842
2.05898,1.89021
1.4644,1.59973
-0.05123,0.01205
0.09302,0.25804
1.57814,1.53861
0.0852,0.27849
1.24445,1.38841
1.15857,1.30581
0.93255,1.00796
0.26715,0.24942
2.29796,2.3199
-0.19799,-0.19121
-0.58135,-0.63014
0.68503,0.68741
0.50915,0.83617
1.67547,1.80819
0.1049,0.1997
0.30264,0.43486
0.44445,0.47118
0.98142,1.18645
-0.21546,-0.30224
-0.10162,-0.10639
1.19347,1.17002
0.22826,0.27736
-0.05184,0.09448
0.35643,0.17231
0.23216,0.31893
-0.18064,-0.22764
0.03954,0.1278
1.12484,1.33693
0.03152,0.13814
0.23822,0.33165
0.94391,1.08923
1.31463,1.42808
-0.01503,-0.06447
1.43238,1.52561
2.00113,2.04487
1.37942,1.42235
0.85804,0.99941
0.43495,0.50797
-0.10591,0.0461
3.95723,3.84527
1.52694,1.71217
-0.01005,0.17735
1.0405,1.11651
0.25393,0.34116
0.70526,0.84044
3.42571,3.37015
0.36303,0.39443
1.22385,1.46311
0.90058,0.96616
0.89641,0.91164
0.50987,0.60656
1.00559,1.05598
0.57139,0.64195
-0.05678,-0.01035
-0.11687,0.02894
0.96123,0.83567
0.74847,0.74553
0.22975,0.34218
4.01151,4.22823
-0.2578,-0.27118
0.65493,0.959
0.35112,0.37481
-0.06444,-0.03679
0.12134,0.34785
1.24932,1.39515
-0.15689,-0.0987
0.16141,0.24381
1.49616,1.77866
0.35453,0.4717
-0.19211,-0.01142
0.97079,0.89957
2.09534,2.23394
0.34227,0.44287
3.91967,3.81335
0.03254,-0.01709
-0.08876,0.06992
0.11589,0.08703
0.07107,0.06069
1.6273,1.83235
-0.20808,-0.21158
0.36785,0.38258
-0.03262,0.05999
-0.50271,-0.50997
0.40261,0.45773
1.07887,1.22767
3.96679,4.06284
3.70833,3.82698
1.94311,1.8985
0.37169,0.49035
-0.16879,-0.15714
1.47634,1.74001
0.69324,0.7587
0.10956,0.07865
0.20701,0.24536
0.39968,0.44392
0.62503,0.77282
0.64149,0.63693
3.64154,3.69629
0.91056,0.79168
-0.14821,0.03303
0.06451,0.13565
0.46546,0.71575
3.72035,4.05501
0.20655,0.41388
0.43797,0.62907
0.56935,0.61895
0.64248,0.55711
0.62472,0.86373
1.81982,1.91212
0.74809,0.5157
0.28414,0.3783
1.8354,2.05881
0.79264,0.61316
0.18379,0.23728
0.78785,1.02104
-0.04875,0.16475
0.01416,0.07563
1.44506,1.70753
-0.11618,0.04382
0.89081,0.97479
0.88024,0.94354
1.69705,1.64213
0.31237,0.41206
-0.18958,-0.24064
0.56185,0.81946
0.46524,0.57517
0.54574,0.59993
1.19813,1.34779
0.33771,0.44969
0.1887,0.36956
0.69273,1.06961
-0.15333,-0.31811
1.46897,1.502
1.48945,1.38045
0.56897,0.88791
1.43423,1.43906
1.50452,1.78789
0.70938,0.62324
1.61921,1.6947
-0.01803,0.11612
-0.5025,-0.51033
1.29185,1.56592
-0.52539,-0.37694
0.19259,0.4249
0.03016,-0.15802
0.90067,1.04402
552.85478,-0.01082
3.88759,3.85625
0.34951,0.55982
1.01193,1.21276
-0.15396,-0.0129
1.49026,1.68203
0.78128,0.84935
0.1876,0.14809
1.56981,1.72478
1.11029,1.20802
-0.15193,-0.24336
0.47161,0.58646
1.12549,1.29442
0.34916,0.56525
-0.38174,-0.3109
0.6849,1.01653
1.81975,1.87446
0.04338,0.04984
1.64581,1.65761
0.34926,0.56141
0.83325,0.91608
4.26026,4.23891
1.24682,1.37278
0.01048,0.06019
1.07408,1.02241
0.02649,-0.09375
0.19943,0.32033
0.16806,0.21301
0.09326,0.15729
0.31293,0.29885
0.61554,0.78371
-0.1507,-0.12929
-0.07117,0.13045
0.63571,0.59247
1.04926,1.29038
-0.2833,0.02474
0.99747,1.06072
-0.00724,0.04987
0.65733,0.80611
-0.19178,-0.10621
0.18067,0.21677
1.14505,1.24404
0.36144,0.46397
0.03051,-0.02117
0.56304,0.66479
0.40604,0.49497
0.3413,0.40059
-0.33511,-0.22936
0.58478,0.82763
3.22834,3.35208
0.82463,0.98972
0.70498,0.82932
1.99954,2.00912
1.09113,1.07941
1.62666,1.81714
0.9511,1.02666
0.19139,0.29164
0.95099,1.17289
-0.24208,-0.30183
-0.13433,-0.05359
1.20357,1.25084
4.3576,4.21299
-0.1495,-0.07949
0.03179,0.22396
0.09823,0.21645
4.01352,3.88238
-0.29152,-0.43573
3.8102,3.93288
0.89194,1.15889
0.98751,0.85723
0.25033,0.55517
0.375,0.57895
0.65153,0.99739
-0.25683,-0.11358
1.24742,1.31947
0.72511,0.71768
0.12254,0.40453
1.40431,1.58546
1.25854,1.39365
0.44621,0.6801
1.29008,1.39414
0.93188,0.99212
0.32483,0.46535
0.60655,0.67505
0.9856,1.06904
0.93919,1.12235
0.17189,0.26373
0.41635,0.81495
0.01827,0.10514
0.1623,0.23532
-0.37824,-0.36753
3.81596,3.70734
-0.368,-0.30625
1.59854,1.81596
1.6394,1.97463
1.51194,1.56384
1.13483,1.13343
0.03655,0.02068
0.96212,1.15436
0.26453,0.25936
0.3404,0.25364
2.11433,2.3149
-0.11911,7.70E-04
0.20092,0.16243
0.11536,0.20856
0.61292,1.09496
-0.25675,-0.32201
-0.15376,-0.11609
0.59743,0.74153
1.12941,1.2987
0.18642,0.27078
0.72568,0.90096
-0.16305,-0.2408
0.0826,0.19602
1.4671,1.57539
0.86089,0.93212
0.38805,0.50088
0.07518,-0.00531
-0.23054,0.03049
0.7936,1.04985
1.31916,1.37993
0.03718,0.09509
0.22201,0.47245
0.63915,0.79811
0.23601,0.60017
0.1919,0.26084
1.40592,1.64589
0.76958,0.94623
1.36612,1.40116
0.38083,0.30384
-7.92E-04,0.08357
-0.07487,0.05896
0.96018,0.83121
0.28549,0.00946
2.17593,2.296
0.22554,0.35295
-0.2749,-0.28003
1.04762,1.20565
1.08457,1.19779
-0.10578,-0.10108
0.64107,0.75861
-0.46839,-0.37004
0.22539,0.25288
0.70488,0.81269
1.25156,1.31606
0.72016,1.14743
2.01039,1.99161
0.11471,0.23337
1.63743,1.59218
4.08906,4.06001
1.03729,1.0686
0.44446,0.69194
1.31949,1.31238
1.02674,0.98423
0.2535,0.21554
1.37374,1.19611
-0.27247,-0.11973
0.81507,0.93653
-0.21445,-0.35314
1.36347,1.36246
0.08085,0.26519
0.31795,0.33748
-0.41221,-0.46337
0.45559,0.56389
1.2167,1.40703
0.44201,0.4558
-0.06955,-0.04412
-0.1466,0.10023
0.13453,0.23265
3.96281,4.04397
0.25368,0.25884
-0.14081,-0.13792
0.6416,0.64147
0.38515,0.34621
-0.35649,-0.29157
3.81431,4.19692
0.60039,0.53665
0.98965,1.02522
0.67249,0.76049
-0.07538,0.05744
0.9123,0.91322
0.43194,0.72425
-0.57972,-0.6703
2.26716,2.35213
1.67118,1.59693
0.02421,0.11725
0.17884,0.13756
1.42716,1.609
0.94283,1.15025
0.42479,0.4991
3.94389,3.80672
0.00531,-0.02886
4.10704,4.19478
0.8749,1.09924
1.02922,1.19777
-0.03731,0.18859
0.45714,0.37229
4.05804,4.00965
0.9107,1.13376
2.06926,2.17403
0.10825,0.13381
0.68337,0.91391
0.67846,0.83317
1.35701,1.0967
-0.14979,-0.13642
-0.46537,-0.38462
1.59878,1.81528
0.76712,0.74819
0.8696,0.7073
0.21593,0.05577
1.41341,1.48614
0.13243,0.39765
0.17562,0.23343
0.39543,0.40084
-0.23738,-0.09059
0.86892,1.13371
1.5091,1.6374
1.3263,1.28638
1.00551,1.17997
0.30626,0.32783
-0.0555,0.1507
0.80851,0.90876
0.50059,0.63199
0.18288,0.20163
0.05478,0.12498
0.36879,0.45192
0.72271,0.96452
2.00095,2.0046
0.98781,1.02351
0.53841,0.59662
0.20618,0.3092
0.68433,0.60892
0.09721,0.1635
0.04141,-0.04534
1.4699,1.47862
3.80166,4.05032
2.32344,2.32958
-0.16135,-0.11261
0.20894,0.14375
3.90108,4.1325
-0.11893,-0.16757
0.854,0.9538
0.47683,0.53962
-0.52866,-0.39318
0.20475,0.38355
0.42998,0.57258
0.14186,0.27296
0.04622,0.18388
0.92304,1.11166
0.25939,0.27324
1.13595,1.05796
0.40435,0.49754
1.56444,1.61943
0.73704,0.6068
-0.45285,-0.31555
3.68361,3.8143
3.76224,3.71862
0.63407,0.96539
1.43523,1.51997
0.92081,1.14388
0.61324,0.69344
1.22431,1.36285
3.73404,3.98171
-0.32668,-0.35855
0.3784,0.33463
0.60577,0.66723
0.94946,1.1771
0.27229,0.38774
1.0355,1.29904
0.04652,0.07004
0.76921,0.83703
0.68382,0.60321
0.98725,1.01486
3.85947,3.86048
4.00304,4.11961
0.07622,0.08199
0.63219,0.69286
0.17684,0.28772
0.92316,1.14535
0.43578,0.47767
4.11492,4.25438
2.39049,2.52741
1.30597,1.30403
1.43711,1.48988
-0.20768,-0.07173
0.1237,0.15642
0.54782,0.65931
1.90484,1.93645
1.18723,1.29262
-0.03029,0.06299
0.10071,0.28025
1.25586,1.46887
0.97928,1.09065
-0.11353,-0.09484
1.28088,1.20623
0.27588,0.37494
0.61169,0.55502
-0.25537,-0.26332
2.10916,2.31356
0.19681,0.2855
1.01603,1.19146
0.41681,0.23752
0.9299,1.03568
1.34463,1.43026
-0.4044,-0.44027
-0.0024,-0.01452
4.12106,3.98114
-0.12234,0.04571
-0.05924,-0.04062
1.06081,1.10459
0.22278,0.24635
-0.23096,-0.159
0.58731,0.66086
0.11806,0.19561
1.12389,1.07011
-0.14195,0.03382
0.25769,0.47136
0.42565,0.58284
0.70027,0.72649
1.54717,1.8054
0.1104,0.208
0.12556,0.21846
0.23277,0.43647
0.87131,0.69649
-0.16934,-0.18509
-0.26247,-0.22096
4.00282,4.09983
3.94293,4.06034
0.49518,0.57945
1.00829,1.07978
1.12438,1.30554
0.77401,0.7599
0.16983,0.14822
0.21137,0.26965
-0.03067,0.11177
0.62848,0.66211
0.0363,0.25529
-0.27889,-0.21685
0.77451,0.87339
0.05726,0.44439
3.66808,3.60477
0.17808,0.27398
1.20855,1.30498
0.85157,0.75047
0.03841,0.06063
0.95104,1.17632
0.9523,0.95612
0.46804,0.55909
-0.00962,0.04283
0.46531,0.60705
0.16471,0.15445
-0.33448,-0.26144
0.55808,0.73396
0.44916,0.68894
0.58193,0.68298
1.2827,1.36215
-0.05597,0.03951
0.27549,0.42674
1.34038,1.25404
0.88758,1.04538
0.85402,0.86777
1.82858,1.94024
0.41026,0.59862
0.78694,1.02818
0.54675,0.66665
1.6637,1.80672
2.29482,2.33016
-0.21365,-0.21237
0.13389,0.29785
0.37543,0.4487
-0.29766,-0.34844
-0.18442,-0.14888
0.02942,0.14687
1.14775,1.34812
-0.31955,-0.28041
0.03354,0.04265
3.69372,3.72335
3.72543,3.80614
1.34527,1.28485
-0.43335,-0.42116
0.1527,0.07018
2.32162,2.19613
0.55279,0.77369
1.08865,1.06613
-0.12793,-0.0838
1.15052,1.20679
0.47312,0.48775
-0.20031,-0.13422
0.38626,0.56532
0.25533,0.29086
-0.40155,-0.43914
-0.2292,-0.128
0.03845,0.10778
0.45501,0.41585
0.1079,0.11354
-0.00828,0.05723
0.54469,0.61773
0.77492,0.80326
0.86074,0.92369
0.10519,0.27164
-0.17944,-0.01525
0.14363,0.25536
2.05728,2.03957
1.32485,1.36545
0.39277,0.39864
0.15766,0.15197
0.46032,0.39446
0.07386,0.00482
2.11021,2.30837
0.41208,0.32356
2.65004,2.65222
2.24904,2.08845
0.7435,0.6052
0.10887,0.21324
0.19138,0.40492
0.60278,0.7352
0.46595,0.69392
0.42786,0.72736
-0.29095,-0.07958
-0.19033,-0.02016
1.52344,1.66964
1.03847,1.28881
3.76588,3.85892
0.21349,0.39677
0.48109,0.64808
0.94292,1.10771
0.53245,0.49478
-0.02054,-0.02203
0.44062,0.54494
1.64828,1.98559
0.37483,0.62505
-0.46352,-0.37645
0.76537,1.00551
0.04877,0.31635
0.87993,0.89859
0.12037,0.33674
0.89668,0.9217
-0.10352,-0.10541
0.3753,0.40244
1.15256,1.2464
2.47761,1.948
-0.25807,-0.15217
0.12754,0.38154
0.83065,0.82414
1.45468,1.47601
0.22942,0.37707
4.01935,3.86266
0.60051,0.60779
0.08999,-0.03677
0.78136,0.80658
1.84958,1.90233
0.12749,0.1748
0.39309,0.46461
0.62222,0.67856
0.33753,0.02153
-0.20032,-0.18721
0.56975,0.66595
-0.12664,0.05466
1.15594,1.30672
1.52462,1.81536
1.59399,1.56288
0.60316,0.70252
1.67081,1.87377
0.24913,0.17401
0.41573,0.46829
0.92163,1.11117
0.12771,0.23472
0.59893,0.60174
-0.1243,-0.15603
0.74524,0.77003
0.4879,0.79887
1.02983,1.12667
-0.19412,-0.24785
0.03812,0.25201
-0.10952,-0.23221
-0.12934,-0.14868
4.23511,4.24155
0.31465,0.16287
0.33825,0.59801
0.39329,0.38483
-0.38835,-0.28668
-0.22841,-0.13209
-0.46695,-0.38499
0.04766,0.29804
-0.04665,0.02112
0.24044,0.47187
-0.2679,-0.2354
-0.09953,-0.11347
1.08734,1.02594
0.51529,0.46442
1.97557,2.116
0.47314,0.35982
-0.10635,0.03945
0.94441,1.23584
1.09068,0.93281
0.10309,0.11611
0.56558,0.74253
0.79342,0.72641
1.10854,1.2412
1.28395,1.17862
4.07878,3.94208
0.89286,0.97093
1.1541,1.34865
0.36471,0.3176
0.57094,0.63863
4.14762,3.94067
3.57155,3.53578
1.43666,1.62121
1.19931,1.24349
0.74254,0.93389
0.93095,0.59164
0.14224,0.14592
3.34477,3.47916
0.18629,0.41782
0.54076,0.49488
2.08413,2.16921
-0.0331,-0.03432
-0.18552,-0.01257
1.01603,1.48565
0.85638,0.87912
0.35876,0.38035
0.93519,1.05259
0.71728,0.73452
0.13465,0.01443
0.17377,0.00249
0.04377,0.2633
0.37455,0.49698
-0.11931,-0.00368
1.06907,1.21459
0.16128,0.3108
0.25269,0.37501
0.69166,0.39306
0.69768,0.79389
0.18708,0.34396
4.01803,4.19094
2.28987,2.31422
-0.22102,-0.20343
0.20342,0.25378
3.93664,3.94539
0.7453,0.84229
0.76219,0.88749
-0.26934,-0.12481
1.06913,1.22522
0.46136,0.60936
1.22804,1.12044
0.03837,0.08831
-0.15189,0.03705
0.00819,0.03689
-0.39943,-0.39788
0.1959,0.23552
0.4542,0.43471
0.53895,0.76192
0.81467,1.0088
0.36069,0.3731
0.59698,0.78977
1.10925,1.38718
1.0774,1.2143
0.14359,0.26689
1.37585,1.53512
0.15456,0.07329
0.18754,0.40286
0.7308,0.81508
-0.15253,-0.06655
0.97047,1.08389
0.54633,0.44679
1.36381,1.35388
-0.15439,-0.21224
2.26018,2.37491
-0.1886,-0.05502
0.8995,1.11184
-0.42794,-0.44397
0.30226,0.21514
0.85537,0.84343
-0.16188,-0.05243
1.10554,1.38016
-0.17624,-0.14827
0.77442,0.98906
0.99774,1.13713
-0.00652,0.02623
0.78809,0.78402
-0.23788,0.03103
0.17777,0.22598
0.08814,0.3686
-0.19211,-0.03378
1.06885,1.13106
0.49261,0.5233
0.34178,0.44339
0.22828,0.44325
0.69962,0.77576
0.3718,0.50424
1.23827,1.48314
-0.28402,-0.17182
1.2964,1.31384
3.76529,3.8162
0.81755,0.92792
0.47401,0.45866
1.63972,1.73163
-0.3772,-0.25193
3.87371,3.87115
3.78194,3.81533
3.35691,3.64984
0.62851,0.61327
-0.07016,-0.05852
0.35339,0.603
0.36172,0.46914
0.61148,0.66856
0.09748,0.15412
4.05071,4.06609
0.55143,0.60524
0.21961,0.37638
3.43189,3.70575
-0.19633,-0.08866
0.99488,1.08124
1.43635,1.49226
1.51898,1.63299
0.87633,0.74116
0.72914,0.61129
0.72093,0.79905
0.8956,0.89425
0.78272,0.9533
0.71889,0.66961
0.54869,0.32963
3.70065,3.77157
3.89338,3.9558
-0.24602,-0.26916
-0.38766,-0.28705
0.37075,0.4694
0.39171,0.46474
0.60748,0.68084
-0.12407,-0.10672
0.58647,0.80104
-0.15324,-0.23664
0.15887,0.11014
1.06636,1.20727
-0.26891,-0.2926
0.37863,0.52769
0.39082,0.31542
0.13266,0.12247
1.12779,1.1808
-0.13753,-0.09601
0.24662,0.20463
0.99222,1.21328
0.89649,0.95362
1.41016,1.46134
0.56915,0.58056
0.02508,0.204
1.36582,1.39756
0.22568,0.42768
-0.57562,-0.4981
-0.28733,-0.2749
0.87739,0.95685
1.14351,1.13553
0.21578,0.19337
0.90499,1.01349
0.45732,0.57495
0.54994,0.69142
0.08313,0.29557
-0.04246,0.13326
0.44716,0.58634
-0.03471,-0.02967
1.39592,1.48572
0.1256,0.31197
1.08751,1.06405
0.35904,0.33548
1.46172,1.58199
0.0436,0.0306
0.83913,1.07777
3.79688,3.81872
0.21403,0.50359
4.1177,4.07568
0.41148,0.46635
-0.22027,-0.2049
0.38358,0.37295
1.76144,1.78882
-0.24596,-0.27398
1.04468,1.0492
3.42639,3.50949
0.42387,0.62827
0.90222,1.11654
-0.3022,-0.30351
0.18815,0.12418
0.48752,0.64668
0.22403,0.24718
1.21144,1.44262
0.48804,0.60472
0.18534,0.27365
0.19289,0.28236
0.14467,0.26268
0.53794,0.61252
1.19067,1.27297
0.98449,1.12474
1.29234,1.29566
-0.13714,-0.124
1.3441,1.43645
4.29631,4.35825
0.63079,0.78277
-0.35737,-0.33915
0.23984,0.37711
0.22045,0.2488
1.34042,1.41485
0.02705,0.1128
0.77176,0.73194
0.37548,0.48164
0.25075,0.27141
0.26323,0.51041
0.7845,0.84497
1.23099,1.31495
0.26385,0.42938
3.84326,3.85912
0.12843,0.38721
1.23496,1.47068
1.98303,1.86446
-0.14364,-0.16539
1.37206,1.53588
0.5808,0.59657
0.13394,0.28784
3.93115,4.06699
-0.32496,-0.28173
0.6367,0.82447
0.47117,0.61411
1.54547,1.82017
-0.10698,-0.11548
0.5709,0.72596
3.68907,3.73649
0.29706,0.39862
0.12256,0.30763
1.33701,1.2864
1.49609,1.31727
0.76877,0.91968
0.103,0.25281
0.70048,0.66342
-0.18709,-0.22844
0.8053,0.74761
1.27614,1.33529
0.67202,0.86232
4.15818,4.14447
-0.15294,-0.11373
0.72995,0.74202
0.6632,0.53717
-0.33346,-0.2315
3.65303,3.62668
0.92869,1.22028
0.50898,0.52046
0.12518,0.2335
1.43596,1.4706
0.37487,0.71025
0.06598,0.04833
-0.40079,-0.39069
3.93838,3.91048
-0.02272,-0.01312
0.51898,0.60899
0.78259,0.88524
0.03393,0.09113
0.99826,1.00468
1.4511,1.68977
0.46877,0.64162
-0.40804,-0.36051
0.89785,1.04892
1.08979,1.0774
0.69663,0.77866
0.02389,0.18844
3.84132,3.96683
0.90201,0.82691
0.10203,0.16908
0.24396,0.33393
0.54975,0.73627
0.38447,0.47242
-0.13607,-0.06372
0.15688,0.169
4.04726,3.97684
0.60313,0.58648
0.46394,0.56761
0.57019,0.52611
0.19127,0.15285
-0.11956,-0.07501
3.96924,3.95001
0.45738,0.54472
-0.0643,-0.18572
0.98507,1.20565
0.62783,0.77485
0.04818,0.29438
1.32646,1.52994
0.86844,0.83392
1.51902,1.6416
1.32449,1.08945
0.4576,0.44713
3.73511,3.69772
0.45433,0.40797
1.46113,1.3352
4.27137,4.25183
-0.18359,-0.1807
1.35808,1.25898
0.0053,0.24408
1.85375,1.88258
-0.25639,-0.30993
0.35001,0.41982
0.45343,0.5529
0.51976,0.52276
0.51421,0.59411
1.42062,1.53805
0.86667,1.12963
1.01593,1.16064
1.69676,1.81631
1.41511,1.39818
3.94885,3.79817
-0.01807,0.0245
0.36695,0.38356
0.39067,0.06326
1.08418,0.98174
0.48831,0.55765
0.84573,1.04772
1.41452,1.5011
0.94846,1.13999
0.44082,0.53454
0.06392,-0.01488
-0.58345,-0.64491
0.40803,0.43201
0.17387,0.16788
1.54605,1.61361
0.12614,0.22013
0.50385,0.6651
2.01737,2.14738
1.07511,1.11294
0.35243,0.42451
0.50578,0.74433
3.66563,3.8017
0.13527,0.04846
0.18581,0.27103
1.07247,1.18046
0.21351,0.25294
-0.22697,-0.15198
0.92986,0.79331
-0.01441,0.01073
-0.12063,-0.06616
0.09436,0.32625
0.11967,0.02556
4.27909,4.19534
1.0549,1.32914
0.03075,0.1159
0.04257,0.00527
0.34366,0.50342
0.86201,1.00326
0.31005,0.54337
1.43227,1.21198
0.29396,0.29265
0.08436,0.11006
0.20125,0.16837
1.51324,1.53271
1.50177,1.49342
0.52798,0.60668
-0.11038,-0.08971
3.96476,3.87067
1.01639,0.91416
0.48537,0.40565
0.04783,-0.08149
-0.28824,-0.30138
0.09866,0.25232
0.12405,0.23259
-0.33463,-0.38528
1.22215,1.33835
3.79556,3.52412
0.35975,0.41181
0.91376,0.95657
0.17017,0.32395
3.50926,3.69359
0.18551,0.21353
1.13821,1.36356
0.27662,0.24792
1.2036,1.23631
0.4008,0.46658
3.75517,3.72032
1.78029,2.05785
0.84681,0.92414
-0.17257,-0.12367
1.90109,1.93481
4.17556,4.11317
0.33323,0.62537
-0.39912,-0.39636
0.8941,0.90054
-0.03352,0.16661
0.72619,0.89516
0.88082,1.07755
1.88703,1.83135
0.17115,0.34789
1.22989,1.45823
0.87891,0.95303
-0.11935,0.01247
3.80227,3.67252
0.23624,0.09411
0.79102,0.8859
0.12394,0.31178
0.03448,0.26407
-0.2092,-0.26881
-0.23295,-0.30553
0.37721,0.38455
0.58886,0.58031
0.54807,0.55632
0.21351,0.25573
3.96809,4.0164
0.86102,0.99618
0.96307,1.27375
1.58482,1.65793
0.51021,0.66896
0.21526,0.31654
1.4022,1.53994
0.16654,0.36489
0.58595,0.5107
-0.06742,-0.03777
0.08276,0.09884
-0.41372,-0.42608
0.22719,0.31139
3.38202,3.33054
0.04417,0.26702
0.6014,0.83961
-0.26305,-0.28328
1.41264,1.46886
-0.0119,-0.0995
-0.25758,-0.13844
2.06249,2.01127
1.35586,1.39635
1.02823,1.21912
-0.27444,-0.11955
-0.04668,-0.1938
1.36735,1.5643
1.28731,1.38631
0.04336,0.18046
2.17754,2.41755
1.63188,2.0719
0.38137,0.31333
0.17656,0.18358
0.21589,0.45002
3.08507,3.11655
-0.14277,-0.24547
0.20502,0.39216
0.49407,0.52783
0.18513,0.25473
1.12673,1.0676
0.32247,0.37408
1.12243,1.0662
1.55044,1.5523
0.13306,0.19892
0.12626,0.31184
0.04174,0.18264
1.31987,1.43688
1.5164,1.48777
0.80283,0.73937
-0.23312,-0.26177
1.24804,1.32277
0.8757,1.10682
0.46585,0.52845
3.86415,3.98026
4.15787,4.20768
0.20464,0.17703
2.07433,2.1639
1.31954,1.44659
0.62453,0.80414
0.5898,0.77698
0.36973,0.44628
-0.1961,-0.24716
0.43593,0.4644
0.03463,0.14216
1.53466,1.82312
-0.42147,-0.44185
-0.24123,-0.26085
0.22093,0.20657
-0.12398,-0.00739
-0.05013,-0.03979
1.5127,1.68825
0.80178,0.76604
0.21753,0.1526
1.31481,1.22723
0.54732,0.63234
-0.58245,-0.64338
0.24874,0.31107
-0.03204,-0.17573
-0.42481,-0.44966
0.84858,1.03429
-0.18784,-0.30032
1.07349,1.13026
1.1889,1.19549
0.16178,0.32068
0.14627,0.08227
0.48618,0.553
0.85635,0.89395
0.38791,0.4073
0.70828,0.83591
1.28374,1.51129
4.17514,4.19366
1.36631,1.39451
1.05938,0.83126
0.38473,0.23672
0.74084,0.74995
0.23734,0.29388
0.96564,1.06775
-0.12298,-0.10593
0.03993,-0.04315
1.70209,1.68204
0.24591,0.35131
1.08885,1.17185
1.42265,1.57332
0.38785,0.69658
-0.36665,-0.25873
0.44065,0.56325
4.11825,4.03314
-0.32713,-0.29255
0.98948,1.19289
0.29033,0.39197
-0.04946,-0.13574
0.64855,0.7756
1.63812,1.87775
-0.10965,-0.06146
-0.35636,-0.31018
3.91893,3.6012
0.34784,0.35335
-0.20347,-0.22313
0.74252,0.84498
-0.23085,-0.12074
-0.04332,0.13069
1.58363,2.11369
1.48497,1.31955
-0.23029,0.03696
-0.15421,-0.05688
1.30493,1.23155
0.65155,0.80306
-0.36917,-0.30826
0.51157,0.67342
3.50111,3.77373
2.26662,2.32271
0.7631,0.95607
0.88191,1.07836
0.75123,0.79192
0.87617,1.05388
-0.39042,-0.32588
4.24903,4.24818
3.66006,3.61246
0.19907,0.39643
1.46739,1.62844
0.70995,0.76983
-0.10299,-0.00838
1.2776,1.28242
-0.19141,-0.09176
0.92437,1.3759
0.35269,0.38718
1.6404,1.81072
1.30459,1.51701
0.87981,0.94662
-0.37528,-0.23588
0.72038,0.93324
1.18474,1.23742
0.62893,0.85294
0.2187,0.24467
-0.19306,-0.10464
0.62034,0.58501
0.32897,0.61939
0.18457,0.32565
-0.03536,0.03363
0.66701,0.80684
0.94642,1.25361
-0.4187,-0.47658
-0.25252,-0.22302
0.63145,0.68968
0.34944,0.34926
0.64901,0.87182
0.15925,0.29346
3.75231,3.70482
0.02696,0.0594
0.1622,0.25743
0.55924,0.59785
-0.15224,-0.09081
0.62959,0.7549
0.06768,0.03423
1.4696,1.57243
0.62122,0.68332
0.77135,0.87797
-0.05205,-0.06073
0.25822,0.32225
2.1422,2.05019
0.5017,0.555
1.80647,1.71381
0.41042,0.51577
-0.18905,-0.13713
1.27888,1.4493
0.1271,0.23826
0.66269,0.65478
-0.04815,-0.07217
0.76544,0.88432
1.58702,1.702
-0.00209,-0.10351
0.59957,0.65795
-0.20261,-0.19534
0.14752,0.31568
1.02578,1.10862
0.60617,0.59552
-0.23452,-0.18109
0.89221,0.95055
0.21314,0.48674
0.00873,0.03984
-0.07309,0.17359
0.6406,0.75429
1.03472,1.24207
1.35638,1.52895
0.34808,0.50367
0.15768,0.26842
0.04488,0.06674
0.14715,0.145
0.17808,0.4607
0.18571,0.21459
3.87328,3.89782
1.02933,1.45073
-0.09314,0.04779
1.60114,1.67792
1.24115,1.07834
0.99194,1.03193
-0.18133,-0.01342
0.36392,0.35622
-0.34971,-0.343
0.59921,0.59089
0.1663,0.33739
-0.01496,-0.12548
0.18127,0.24381
0.47596,0.53425
0.41506,0.44693
1.95191,2.03499
-0.2082,-0.03877
0.27129,0.46336
0.16,0.29871
0.12664,0.13097
1.04016,1.08662
0.1749,0.16178
-0.18582,-0.22212
1.123,1.27074
-0.16488,-0.1882
-0.01883,-0.02259
0.99521,1.0827
0.58587,0.68182
0.48358,0.44094
0.15284,0.11534
-0.12142,-0.09238
0.43237,0.36226
0.7699,0.98882
1.98824,2.05908
4.13074,4.11047
1.23086,1.46971
0.88294,1.04507
-0.10337,-0.01837
0.15489,0.26449
0.9192,1.07918
0.22922,0.23992
0.73005,0.50308
0.47027,0.48341
0.35306,0.38531
0.21388,0.47602
0.95285,1.1406
-0.2631,-0.15071
0.63266,0.6644
0.46776,0.63378
1.78796,1.82692
-0.0554,0.00445
-0.35643,-0.30768
0.83953,0.99333
0.92106,1.12123
0.08642,0.3913
1.82849,2.05808
0.16949,0.09023
0.63018,0.7912
0.92485,1.05021
0.21339,0.32765
0.41431,0.42073
-0.45642,-0.4112
1.04682,1.18634
1.30135,1.79093
0.87692,0.85054
0.70018,0.81202
0.70144,0.66052
-0.29653,-0.2412
-0.09367,0.08832
2.13162,2.07991
0.2043,0.29212
1.22091,1.42533
0.16568,0.10103
1.23382,1.43457
0.13823,0.12864
0.22214,0.23146
1.36791,1.42992
1.33896,1.28005
0.51074,0.66786
0.43147,0.58196
4.03635,4.0962
0.18297,0.17566
0.69582,0.72418
1.16188,1.29546
-0.05241,-0.10116
0.37483,0.35351
0.61566,0.83258
0.2654,0.28092
0.92476,1.12435
-0.30253,-0.30271
0.32917,0.54655
0.98034,0.82518
-0.35918,-0.39951
-0.00714,0.07783
1.27274,1.3455
0.59551,0.63766
-0.41232,-0.36344
1.47217,1.47558
1.43639,1.44816
-0.01831,-0.0094
1.04513,1.19399
0.5577,0.41965
1.34325,1.2618
0.68945,0.74377
-0.1893,-0.11709
0.82676,1.0514
0.62766,0.80024
-0.02695,0.0668
0.29775,0.3999
0.14872,0.15118
0.12477,0.26355
1.46453,1.67278
0.4716,0.5376
0.24268,0.34238
-0.35379,-0.31824
-0.29795,-0.35399
0.43816,0.54125
0.2193,0.22652
0.45612,0.55536
1.12828,1.16502
-0.2839,-0.19823
0.73975,0.9415
1.12991,1.33089
0.02403,0.01509
1.51319,1.49143
0.58782,0.59918
0.11533,0.38312
1.40638,1.65114
0.22101,0.23591
0.78419,0.64674
0.00182,0.0483
0.5183,0.64937
0.98005,1.13558
2.28681,2.31404
0.62657,0.7467
0.67778,0.8364
-0.08288,-0.01071
0.76916,0.99083
0.41365,0.49487
-0.42619,-0.37218
1.06698,1.00803
1.3597,1.51691
0.54926,0.68123
0.86634,0.7568
0.42993,0.38897
4.19231,4.19875
3.74371,3.87162
0.19102,0.3255
0.51945,0.50171
0.15145,0.29252
0.91336,0.9345
0.20927,0.16871
0.88541,0.97313
0.20868,0.26105
0.37323,0.34407
0.8728,1.0597
0.57524,0.65341
0.34303,0.50098
0.89721,1.01163
-0.15094,-0.12396
0.31454,0.212
-0.11578,-0.14023
0.52154,0.45606
0.3831,0.29963
1.72E-04,-0.11474
3.96251,3.86413
-0.11179,-0.02551
-0.20149,-0.16163
3.99852,4.03155
1.09187,1.10612
1.21489,1.19518
2.26297,2.37685
0.49057,0.47344
4.21357,4.47115
-0.34109,-0.25072
1.31143,1.4199
0.25021,0.26948
0.62726,0.76844
0.35416,0.3682
-0.42605,-0.3381
0.29734,0.42791
3.52357,3.53018
3.99758,3.95326
1.42667,1.60925
0.9133,0.91705
0.85667,0.76858
0.99117,1.08753
-0.14879,-0.12233
2.08203,2.17678
-0.41365,-0.40954
0.13149,0.05648
0.16845,0.2509
0.04484,0.00109
0.57713,0.68719
-0.36093,-0.31522
1.11593,1.13631
1.38129,1.43438
0.94991,1.09466
0.58546,0.6741
3.69645,3.73843
3.80104,3.51964
1.40726,1.4795
3.91918,4.23061
2.23292,2.28471
0.03659,0.06363
-0.15202,-0.12087
-0.01486,-0.00435
0.6662,0.65769
0.68042,0.96136
1.15406,1.29742
1.10676,1.37821
0.36977,0.23385
0.78314,0.8222
0.02831,0.1106
0.81926,0.86688
0.3633,0.42476
0.1405,0.23487
1.4133,1.50938
2.1243,2.12215
0.71358,0.94526
1.57087,1.61979
0.03478,0.05952
0.4432,0.60816
-0.1379,-0.06183
1.96945,2.40031
-0.11149,-0.04974
-0.22836,-0.16535
0.32451,0.37389
-0.46659,-0.38981
-0.00411,-0.12707
0.62309,0.7264
0.35448,0.49712
3.43807,3.45432
0.77776,0.83183
0.08781,0.38209
0.65522,0.81228
0.17719,0.28308
0.47074,0.55036
0.50881,0.50026
3.88396,3.98929
1.53141,1.5241
1.56436,1.54927
0.44131,0.5859
0.42742,0.43004
0.17264,0.22751
1.77473,1.64429
0.42852,0.43394
0.65074,0.81758
0.69362,0.61327
0.04183,0.07069
3.24602,3.13358
3.83072,3.80219
1.4951,1.68667
1.57444,1.6306
0.26005,0.30521
0.31174,0.36723
-0.36224,-0.40207
-0.20408,-0.13299
0.03919,-0.00539
0.58551,0.68084
0.52696,0.66704
-0.22912,-0.2471
1.664,1.62254
0.41292,0.62618
3.94373,3.81036
3.83869,4.03968
1.21962,1.20528
1.08191,1.13051
0.28527,0.32926
1.33468,1.41082
4.10372,4.004
546.26814,1.15961
0.77039,1.04487
1.70514,1.6435
0.01783,0.14935
0.40793,0.46002
0.72487,0.89015
0.74893,0.91105
0.1147,0.12108
0.4948,0.50751
1.11054,1.04266
0.49881,0.84954
0.0627,0.11307
1.92298,2.04418
0.99183,1.20144
-0.32578,-0.19683
3.74794,3.80898
0.8572,0.84973
0.0043,0.00882
0.26807,0.29791
1.48987,1.56152
0.12445,0.29732
0.9109,1.03415
0.27387,0.37517
0.02883,0.03376
1.51168,1.37707
0.95648,0.88255
-0.1119,-0.08843
0.33753,0.42712
0.25307,0.20442
4.03436,4.19715
-0.41576,-0.41204
0.03377,0.07605
0.26375,0.21304
1.08703,1.17165
1.09797,1.07134
1.68182,1.91958
0.25153,0.34066
1.28701,1.51257
0.42202,0.37278
0.66217,0.60869
0.04423,-0.03429
0.87462,0.96326
0.76158,0.76024
0.03702,-0.0819
0.23104,0.31579
0.51134,0.53269
0.50706,0.48201
-0.20835,-0.21004
1.0602,1.06723
1.18673,1.09461
0.87565,0.87954
0.06537,0.28423
2.21512,2.0236
0.10194,0.26359
0.20441,0.30792
0.93772,1.01793
0.90253,0.5592
0.8776,0.79773
-0.32557,-0.28511
1.42754,1.65048
0.19172,0.28989
3.65345,3.46143
0.59445,0.64725
-0.17511,-0.14863
0.56864,0.6656
-0.1461,-0.12438
-0.11763,0.0755
-0.05385,-1.54E-04
-0.398,-0.40326
3.76794,3.99967
-0.14298,0.03791
0.72722,0.90462
0.62378,0.72744
2.14481,2.17289
0.35436,0.43084
0.02965,0.11042
0.63757,0.72695
0.90549,0.90308
1.07743,1.1445
0.13626,0.21857
-0.16463,-0.15811
2.30015,2.33394
0.06144,0.18917
3.55895,3.4288
1.0783,1.13642
3.63455,3.60969
1.3969,1.38409
0.44095,0.52862
1.11166,1.23822
-0.23966,-0.09333
0.28979,0.18118
0.35771,0.29253
0.03868,0.12934
0.65366,0.91965
0.76289,0.96905
0.97393,1.07821
-0.42924,-0.41054
0.03109,-0.03698
0.0348,-0.0535
3.92214,3.81158
-0.12324,-0.11661
0.44607,0.46431
1.20121,1.27308
0.61488,0.64096
3.73479,3.83165
0.04023,-0.03435
3.98839,4.13543
4.4824,4.52659
-0.58393,-0.63343
0.38887,0.49985
1.05682,1.21622
0.30377,0.23986
-0.41692,-0.47115
1.06934,1.1469
0.70316,0.76879
0.17365,0.19318
0.20552,0.24799
1.05087,1.06728
0.11962,0.10753
0.69342,0.75492
0.5383,0.59485
0.41639,0.45213
1.23722,1.3556
3.94572,3.92434
1.09735,1.14713
-0.14319,-0.14739
0.02571,0.12506
-0.131,-0.00537
-0.01948,-0.00439
4.08381,3.94407
0.18961,0.24865
0.59676,0.51804
0.15408,0.29958
0.08641,0.29468
1.25692,1.50661
4.01015,3.84442
1.04598,1.27348
0.08831,0.1375
0.04727,0.06513
-0.2872,-0.09441
0.03729,-0.07727
1.56697,1.80332
0.65036,0.81191
0.76203,0.84046
0.10455,0.21529
0.9721,1.11221
0.13517,0.18666
0.2771,0.51937
1.16956,1.07178
0.21141,0.23445
-0.03014,0.06555
3.53631,3.36065
-0.29374,-0.25231
-0.32513,-0.28834
0.48504,0.54465
0.78474,0.82385
3.95839,3.97746
0.19871,0.54648
-0.38845,-0.39669
-0.2011,-0.20255
0.15813,0.30546
0.2288,0.03058
0.63823,0.57591
0.32606,0.07205
0.53513,0.42409
1.50298,1.34801
1.16783,1.32896
-0.58064,-0.615
3.87162,3.88199
0.09687,0.18028
0.12184,0.17766
-0.12176,-0.16078
-0.1533,0.13697
1.27141,1.13327
0.88218,1.17817
0.10139,0.21173
0.6091,0.59051
1.93975,1.90821
1.35571,1.44273
1.03021,1.11041
0.46053,0.40337
1.59762,1.58337
1.02498,1.12766
0.62788,0.69341
3.73271,3.7333
0.3621,0.39448
-0.32614,-0.22637
1.30877,1.48397
0.30586,0.14829
1.34993,1.27539
0.51124,0.53073
0.13435,0.36254
1.03934,1.21172
-0.42107,-0.51723
-0.15011,-0.16073
0.97736,1.17345
4.2263,4.2257
-0.16087,-0.14246
0.24554,0.19382
0.70547,0.71547
-0.33837,-0.23742
-0.22282,0.02441
-0.12187,-0.1545
0.20699,0.21658
0.85072,0.93397
-0.17071,-0.1299
0.34186,0.44027
0.74222,0.69422
1.11374,1.19756
0.22694,0.28535
0.00365,0.01652
0.74912,0.69411
0.39312,0.43006
1.26107,1.0718
0.151,0.16021
0.10133,0.17233
0.72138,0.60617
0.14977,0.25169
-0.25928,-0.14784
-0.34217,-0.30419
0.25288,0.29735
0.45643,0.49397
0.39967,0.40893
0.12444,0.10555
0.61611,0.81526
0.09421,0.1756
1.6824,1.92007
1.43177,1.44871
0.20104,0.28814
0.65747,0.55442
0.82802,1.03623
2.12447,2.15938
-0.00363,0.09608
0.80522,0.97074
-0.57831,-0.49578
-0.22991,-0.14784
-0.13219,-0.13361
0.4861,0.51047
0.58975,0.55079
1.32255,1.42119
4.21008,4.1041
-0.021,0.00165
0.33005,0.32164
-0.04399,0.14284
0.61493,0.76122
3.80197,4.04894
0.00503,0.02507
-0.38299,-0.34142
0.15824,0.29976
0.63244,0.79841
0.46134,0.74348
0.87253,0.69942
-0.11622,-0.09378
1.3885,1.62133
0.63461,0.46683
-0.2229,-0.32601
4.30554,4.27911
0.21946,0.20879
-0.13425,-0.01782
0.97656,0.94342
1.63984,1.86835
0.17374,0.17414
-0.21619,-0.17893
0.25849,0.3616
3.56994,3.57036
0.2007,0.26212
0.32668,0.18595
0.59785,0.75032
0.1743,0.10436
-0.33454,-0.259
1.19059,1.44737
0.20727,0.27137
1.47731,1.55327
3.81244,3.91135
0.1615,0.26744
0.5633,0.53826
0.68855,0.97375
3.68281,4.02898
-0.21826,-0.20374
0.39529,0.38629
0.14491,0.11587
-0.10192,0.00554
-0.05587,0.00265
1.23317,1.41426
0.16966,0.4104
0.4634,0.5731
1.53181,1.43557
0.54563,0.48999
-0.5317,-0.39715
0.84005,0.826
1.01735,1.06119
0.06578,0.10495
0.13185,0.25971
0.3348,0.35625
0.75541,0.76018
0.16165,0.22215
-0.30301,-0.36083
0.97588,1.18684
3.63675,3.46665
-0.08663,0.20643
0.79848,0.9955
0.8241,1.04524
0.16652,0.37972
-0.41566,-0.46822
-0.45737,-0.39832
1.64596,1.55279
0.20192,0.15596
0.19787,0.33423
0.1364,0.3045
-0.24515,-0.19036
-0.45626,-0.38878
-0.04959,-0.04717
-0.18105,-0.00732
1.56332,1.51302
3.72043,3.79149
0.72281,1.08073
0.00195,0.08083
0.82955,1.18305
0.15002,0.24497
1.35654,1.51775
1.38274,1.41647
0.51603,0.66262
0.03987,0.27081
0.18181,0.2272
1.92312,2.08356
1.83237,1.89671
0.80817,1.08733
0.1369,0.12955
0.57097,0.63212
-0.12592,0.11602
3.43193,3.62891
0.25117,0.30124
2.30119,2.31508
-0.37887,-0.36277
1.12259,1.06473
0.48868,0.42376
-0.1116,0.06219
558.71099,1.3084
-0.36708,-0.24463
0.44141,0.61205
0.25276,0.54485
1.02565,1.16921
0.46991,0.5633
4.08196,4.14889
0.33642,0.28589
3.9949,4.07708
0.22544,0.23653
0.94041,1.09843
0.37672,0.61283
0.76925,1.06178
2.31279,2.10986
0.24068,0.35791
-0.66172,-0.9497
0.71306,0.96387
1.67479,1.84524
-0.42994,-0.45495
0.17822,0.19616
0.27291,0.35233
-0.1038,0.11072
-0.01577,-0.1325
1.03889,1.23367
1.51776,1.66107
1.80563,1.82283
1.10854,1.1353
0.01056,-0.05749
0.20076,0.39722
1.12902,1.20985
0.15585,0.17693
0.39901,0.41068
1.49574,1.67451
-0.3864,-0.31519
1.22183,1.28995
0.44279,0.45703
541.09078,1.02846
0.14394,0.12614
0.62256,0.71467
0.41545,0.42999
0.29046,0.26742
1.14542,1.23635
2.12198,2.15529
1.28707,1.50161
0.29664,0.46464
0.11287,0.25964
-0.08985,-0.0035
0.46341,0.56401
0.35963,0.4815
1.44117,1.43874
0.66992,0.68985
1.57739,1.82007
0.99854,0.97623
1.38364,1.41692
0.16171,0.16484
0.62896,0.61257
0.22144,0.30592
-0.26002,-0.2796
0.13837,0.13663
0.54882,0.54027
1.55914,1.51545
1.83466,1.6676
0.61144,0.54099
0.25292,0.20276
3.40503,3.30496
0.24705,0.33962
1.24769,1.36646
1.12535,1.32205
1.08097,1.10627
0.8986,0.96577
0.13018,0.20158
0.98214,1.12746
-0.21893,-0.1864
0.05064,0.06234
-0.01466,-0.09872
1.15495,0.9281
0.11642,0.35414
-0.30065,-0.34899
1.88505,1.87743
0.06706,0.37494
0.08084,0.17986
0.64587,0.85565
1.94142,1.88169
1.53023,1.52874
0.50232,0.57465
1.44604,1.44062
0.80866,0.86703
0.71729,0.73935
0.34042,0.48484
1.04272,0.88976
-0.30192,-0.28704
-0.02369,0.06876
0.86654,0.9107
-0.39837,-0.39786
0.21691,0.52544
1.34491,1.4417
2.41465,2.46476
0.6397,0.9227
0.38998,0.41743
0.20862,0.23457
0.04026,0.00402
0.09869,0.02452
1.40323,1.52261
0.02093,0.08364
0.1624,0.16258
0.44187,0.51831
-0.36134,-0.39615
0.52829,0.6404
1.38142,1.4367
0.10946,0.25921
1.19113,1.21664
0.44511,0.57915
0.13161,0.35293
4.25967,4.33768
0.17339,0.17308
0.94418,0.86925
0.08385,0.21494
0.25357,0.56212
0.61164,0.58803
0.46172,0.65338
0.87418,1.05285
0.48441,0.47193
0.02268,0.12079
0.58722,0.65663
-0.4579,-0.42615
0.05055,0.31641
-0.1942,-0.07479
-0.09319,0.11939
0.37506,0.44443
0.20759,0.47115
1.25748,1.50631
0.57288,0.73267
-0.45611,-0.34851
1.16188,1.06317
1.14122,1.28493
-0.3167,-0.22602
0.16881,0.13573
-0.39872,-0.42406
1.25406,1.48236
0.15975,0.29616
-0.15341,-0.08355
0.34887,0.15959
3.51933,3.4106
0.1601,0.09441
0.33952,0.47782
0.21605,0.23774
0.86805,0.65786
0.25024,0.15828
0.6052,0.65325
1.16796,1.32022
1.62989,1.82361
0.56406,0.71598
0.48561,0.38676
0.84396,0.79076
-0.25546,-0.34032
3.76944,4.04721
3.76545,3.99684
0.75896,0.75174
0.02015,0.21659
0.91677,0.95562
3.68911,3.76694
4.01078,3.98553
-0.20135,-0.11499
-0.14186,-0.13253
0.77862,0.92376
0.88213,0.88298
0.47054,0.60131
-0.33022,-0.22611
1.35389,1.71132
1.28842,1.55905
3.64744,3.6681
2.02785,1.99372
1.05478,1.29608
1.23016,1.25001
0.26353,0.36436
2.39836,2.41178
-0.04615,0.17115
0.62498,0.77978
3.84218,3.86285
3.93839,3.95675
1.52964,1.49019
-0.58255,-0.65455
4.01071,4.03493
0.7923,1.02538
-0.08932,0.06654
0.46624,0.51202
0.27196,0.35117
-0.20195,0.00691
1.08146,1.01575
0.10165,0.16574
1.01711,0.99225
-0.1831,-0.31271
0.65283,0.79885
1.03243,1.18788
-0.19783,-0.18403
4.07551,4.25427
0.56332,0.58379
-0.15107,0.0528
0.03952,0.12585
0.46991,0.51338
-0.33592,-0.23742
0.45491,0.52337
0.06298,0.11416
-0.03233,0.21877
0.5496,0.64027
1.2766,1.28102
0.61678,0.60427
0.89404,1.02687
0.65645,0.6477
0.57065,0.63257
0.03558,0.04961
0.05573,-0.03612
1.05821,0.89016
0.59775,0.6046
-0.22297,-0.1479
3.87237,3.79105
0.39101,0.26106
-0.05408,0.01529
1.22334,1.09876
0.64083,0.57201
0.64803,0.78103
0.90122,0.93352
4.12954,3.77726
-0.05977,-0.04309
1.43415,1.5264
0.69629,0.75311
-0.03149,0.0816
1.17134,1.02762
0.25273,0.18329
0.58802,0.56505
0.26103,0.3375
0.02987,0.2278
1.12551,1.33133
1.82353,1.73249
-0.19538,-0.06094
3.64561,3.7281
0.09818,0.25684
1.04973,1.19553
0.54399,0.68177
-0.11451,-0.14531
0.13659,0.04577
0.01746,0.17346
2.12802,1.93766
-0.20407,-0.20025
1.40495,1.62923
0.04174,0.18691
0.14021,0.29003
0.59593,0.76164
-0.19981,-0.02369
-0.23237,-0.24852
1.81699,1.95918
0.04429,0.03232
0.08981,0.37788
0.53257,0.41176
0.08072,-0.01468
0.54766,0.75423
0.41548,0.34376
-0.06629,0.04872
1.29013,1.16192
-0.01595,0.04552
1.51174,1.5086
-0.13632,-0.24049
0.09962,0.08574
0.20887,0.17359
0.76531,0.99096
1.39973,1.53701
0.55285,0.73087
-0.16678,-0.18192
-0.10193,-0.03334
0.91343,0.87192
0.55396,0.66225
1.04912,1.18055
0.39337,0.48703
0.3886,0.51742
1.51226,1.41069
0.05637,0.07276
-0.0285,0.00265
0.11444,0.05401
3.71478,3.96073
-0.26104,-0.21443
0.14029,0.12261
0.30883,0.55363
0.24593,0.13864
1.44932,1.3094
0.43296,0.49912
0.91204,0.98693
1.44681,1.49139
0.03939,0.05865
-0.19179,-0.2329
-0.45838,-0.41614
0.25124,0.26445
-0.195,-0.06918
0.48437,0.52036
548.79493,3.98603
1.33363,1.4005
0.54648,0.6498
1.73531,1.61551
0.10522,0.22857
-0.28756,-0.16016
0.50641,0.44178
-0.21394,-0.21894
0.75826,0.72973
0.56529,0.45954
0.15461,0.29451
-0.07401,-0.03064
-0.01721,-0.09319
0.9893,1.02724
0.60084,0.79325
0.94546,1.10129
-0.19613,-0.01808
-0.29987,-0.3579
1.09066,1.15436
3.88241,3.84269
0.88067,0.88473
0.87123,0.77847
0.36659,0.49865
0.04026,0.02553
0.92181,1.11569
-0.07051,0.1158
1.42105,1.60982
0.17028,0.42828
0.85774,1.05833
0.43039,0.36851
0.51563,0.61847
1.17311,1.24938
0.00655,-0.03319
0.89759,1.07799
3.70589,3.70603
0.43812,0.44969
-0.35876,-0.37729
0.58078,0.72994
0.48583,0.51089
-0.39211,-0.32173
1.94148,2.05973
0.44189,0.52318
1.2092,1.33091
-0.38969,-0.51397
0.13755,0.21422
0.71007,0.75931
0.44809,0.67569
0.12885,0.18977
1.23915,1.40714
0.15758,0.13549
3.70351,3.73593
-0.01631,0.02702
-0.12339,-0.14046
0.23906,0.49037
0.21252,0.2655
-0.15232,0.0337
4.11377,4.03194
0.37894,0.52506
0.85343,1.03942
0.88495,0.98403
0.03393,-0.01641
1.68895,2.03925
0.86817,0.87021
0.04474,0.05295
0.22764,0.24694
0.49455,0.70529
1.06735,1.0757
0.9946,0.93401
-0.27426,-0.11776
-0.28499,-0.05465
1.28553,1.28265
0.92332,0.88195
1.56467,1.61039
-0.39728,-0.46335
1.08541,1.13026
0.02586,0.00862
-0.05386,0.09033
0.1197,0.26512
0.07951,0.07937
1.12274,1.0511
0.37907,0.45998
-0.17505,-0.14601
0.82952,0.83526
-0.01956,0.10354
0.72794,0.87755
0.22041,0.28105
0.85827,0.91947
4.092,4.27305
0.96151,1.08431
0.73452,0.6389
4.02099,3.87936
0.76998,0.87821
0.58659,0.56988
4.11137,4.02081
-0.02151,-0.06099
-0.1538,-0.0664
0.13884,0.12174
0.03442,0.14716
3.61654,3.70163
0.32118,0.37331
0.1228,0.17234
1.44183,1.49336
1.01776,1.16156
0.48944,0.80473
-0.04746,0.17097
0.15597,0.29441
-0.53185,-0.40435
-0.23951,-0.08357
1.02534,1.15515
1.86687,1.98424
1.0949,1.03666
1.34726,1.26458
0.19707,0.20124
0.32266,0.36846
-0.06987,0.1183
0.93579,1.35192
3.52412,3.62231
1.54733,1.77305
-0.32482,-0.29021
0.92834,1.15303
0.7941,0.74281
0.6079,0.46046
0.50421,0.44086
1.18951,1.17885
0.57973,0.74313
0.23129,0.36975
0.57624,0.6968
0.04402,0.05741
-0.03119,0.00358
0.97712,1.24092
0.04023,0.19088
0.63742,0.65508
0.11799,0.40844
4.11288,4.01745
0.1545,0.35522
1.19744,1.26552
0.20483,0.31959
1.75816,1.90976
1.25154,1.19725
0.28077,0.35227
0.23648,0.26376
0.06336,0.27208
0.55665,0.57761
1.79349,1.85872
-0.17138,-0.13063
0.49333,0.5806
0.85215,0.81926
0.1779,0.17322
1.50441,1.69176
3.7088,3.95982
0.09877,-0.07607
0.17528,0.1657
2.07349,2.16182
1.43116,1.65909
0.56295,0.67107
3.99386,4.1115
0.55048,0.60712
1.05502,1.24136
0.73008,0.81189
-0.45851,-0.39954
-0.12383,-0.10495
1.10195,1.24727
0.1147,0.18334
0.07365,0.0526
0.35672,0.39786
1.12236,1.38305
1.04909,1.20418
0.90875,0.92834
-0.06189,0.02803
0.9121,0.93475
1.86173,1.73662
-0.15969,0.05633
3.93218,3.8728
0.49363,0.76
-0.1551,-0.08812
-0.17476,-0.15449
1.04775,0.95597
0.63566,0.71044
0.24812,0.31211
-0.30132,-0.34093
1.88753,2.12244
3.76826,3.87998
1.36825,1.44033
0.80219,0.91084
0.58442,0.68719
0.00565,0.08761
-0.06941,0.10738
0.13726,0.14323
1.05743,1.31297
0.11719,0.32874
1.94679,1.97261
-0.29316,-0.25835
0.17902,0.17823
0.56792,0.88768
0.65376,0.79989
0.54643,0.66251
0.61234,0.5909
3.64956,3.87351
1.0011,1.06235
0.54468,0.73407
1.9311,2.05235
0.27699,0.23793
1.32113,1.44007
-0.03094,0.22573
0.00698,0.2555
-0.00894,0.03771
0.86153,0.73801
-0.1499,0.03669
-0.19082,-0.03176
0.37107,0.50896
-0.11828,-0.17605
-0.03066,0.10429
3.99663,4.12218
-0.15321,0.11744
2.26267,2.3732
-0.10308,-0.11377
1.07789,0.99111
1.20292,1.25529
4.14236,3.94871
0.04432,0.0909
3.92725,4.04851
-0.17758,-0.14019
3.83682,3.72985
1.07332,1.07146
3.94542,3.81936
-0.07298,0.08027
0.83666,0.90162
0.98695,1.11432
0.97376,1.04282
0.11194,-0.03073
2.21299,2.31457
0.54904,0.75343
0.64335,0.52671
1.07419,1.12818
1.43161,1.47967
-0.04982,-0.0346
0.99342,1.06202
-0.33477,-0.23681
0.56285,0.59143
-0.30135,-0.22571
0.41791,0.41037
0.4392,0.54772
-0.42215,-0.45858
0.01028,0.17574
-0.16639,-0.18479
3.39515,3.50865
0.14389,0.41858
2.2185,2.10856
0.30653,0.22216
0.41907,0.81336
-0.10385,-0.01038
0.71626,0.80143
3.88718,4.2287
-0.1225,-0.18618
0.46676,0.54213
0.36747,0.50946
0.40813,0.4288
-0.25694,-0.31652
0.30108,0.25703
1.8335,1.9636
0.1786,0.42773
1.1994,1.30482
1.01106,1.0164
0.56687,0.85271
0.91952,1.05337
0.17421,0.47285
-0.14605,-0.11367
-0.22086,-0.25145
0.76047,0.85553
0.48126,0.51402
1.13924,1.14896
-0.21802,-0.17607
-0.45354,-0.42743
0.93329,0.95031
0.35923,0.41309
-0.46186,-0.37437
0.83135,0.88886
0.23135,0.3924
-0.03465,0.00946
3.49522,3.51316
3.77374,3.73824
-0.2369,-0.18014
1.3552,1.22827
0.49653,0.52565
1.2804,1.29311
3.75801,3.63781
0.13799,0.04059
1.29397,1.31201
4.40083,4.33866
0.29997,0.39746
1.86594,1.78865
0.64629,0.70394
0.06326,0.07007
-0.26205,-0.2017
1.06283,1.17778
0.0872,0.04178
1.04661,1.27537
0.73961,0.82743
0.46219,0.57926
0.99655,1.0863
-0.36988,-0.30673
3.56719,3.81834
0.63097,0.59362
1.81792,1.77634
0.1266,-0.01667
0.67057,0.74755
1.80951,1.79589
0.21029,0.27436
0.02272,0.04484
-0.05793,0.00555
0.00557,0.03201
0.74353,0.57281
-0.26318,-0.17462
0.81805,0.88394
0.63437,0.87386
-0.03091,0.0407
0.27408,0.14725
1.43795,1.47487
0.91095,0.97338
0.43628,0.51211
-0.01707,-0.12664
0.73015,0.96734
-0.40489,-0.3466
0.2224,0.34501
0.753,0.45436
1.83363,1.68524
0.26515,0.19999
1.034,1.33907
0.56563,0.54755
1.21535,1.18341
0.2059,0.17353
-0.13994,-0.09705
0.03076,0.06355
1.31073,1.41054
0.34263,0.4759
0.86195,1.07132
0.37195,0.46667
0.27474,0.19614
-0.18371,-0.00799
-0.15548,0.06779
1.06158,1.01821
1.04559,1.19942
0.43817,0.64185
0.67733,0.83872
1.59934,2.01216
-0.21209,-0.21937
-0.39532,-0.41466
1.21405,1.2088
0.22858,0.33266
0.3605,0.5017
1.40202,1.59138
2.26619,2.21902
0.56124,0.63634
0.41,0.48282
1.13449,1.49021
0.15847,0.28287
3.69479,3.79895
1.27421,1.3336
0.2137,0.21388
-0.19074,-0.14769
1.13012,1.19934
0.5726,0.6312
1.40973,1.50877
4.22087,4.40903
0.62899,0.75445
1.10415,1.10172
0.10125,0.01012
1.01476,0.99729
0.99554,0.92448
0.00627,-0.05477
0.47525,0.23119
-0.36808,-0.38318
0.7129,0.81882
0.78262,0.9234
0.29904,0.23878
3.72353,3.80077
0.86001,0.94773
0.4934,0.76287
-0.26772,-0.19176
0.8941,0.91206
0.64611,0.75864
1.3546,1.29597
0.22836,0.39179
1.34832,1.52068
-0.00785,0.15672
0.4461,0.66722
0.5377,0.63455
0.82508,1.02967
4.10818,4.11486
4.18051,3.99312
0.69308,0.7522
-0.06928,-0.03612
0.96444,1.16297
4.01024,4.18807
-0.24645,-0.23705
0.49979,0.63214
0.35168,0.40006
1.62662,1.75575
0.03038,0.09815
0.66368,0.67948
0.57673,0.72712
0.654,0.88272
4.52081,4.42525
0.71923,0.71237
3.79349,3.78758
-0.2606,-0.20106
4.29668,4.32627
1.24206,1.29705
0.89828,0.75878
0.30826,0.02644
0.4922,0.4507
0.31718,0.48031
-0.29301,-0.3026
0.27906,0.26196
0.41081,0.42781
1.03782,1.25771
0.58901,0.79115
0.91492,0.95178
-0.11327,-0.00866
3.66691,3.72146
0.7971,1.01635
-0.29416,-0.27194
1.51471,1.62998
1.07637,1.11598
1.68254,1.58668
0.56743,0.74791
-0.01533,-0.02852
-0.26951,-0.0963
-0.14958,-0.08492
-0.21646,-0.08618
1.47906,1.58233
0.72699,0.89107
0.44365,0.52417
0.10898,-0.0032
-0.14109,-0.14642
1.27392,1.25907
1.5483,1.62239
0.64277,0.82504
0.1464,0.2569
-0.19123,-0.08981
3.65301,3.7143
1.06508,1.21964
0.12733,0.37732
1.4404,1.4944
-0.09917,-0.27841
0.49783,0.54072
1.04517,1.18886
4.22025,4.22234
1.23967,1.26783
-0.09962,-0.08765
1.58713,1.6394
3.46937,3.64514
-0.35334,-0.38037
0.02899,0.03901
0.11947,0.28597
0.42451,0.49208
0.87255,0.91218
-0.58144,-0.64534
0.00193,0.01216
0.76314,0.8698
0.30025,0.42026
0.34288,0.47691
0.08596,0.27727
3.84107,4.00235
0.0987,0.02847
0.66648,0.78116
3.51666,3.7542
0.88012,0.82788
-0.04126,0.11458
0.22392,0.30245
-0.07236,-0.13356
0.57497,0.7149
1.02298,1.2495
0.67414,0.66228
0.4931,0.50001
0.10269,0.21252
0.33204,0.2905
-0.0545,0.03573
1.28782,1.49817
3.71257,3.90311
0.15635,0.26321
1.13811,1.23323
1.0852,1.09621
0.56866,0.66833
0.17573,0.17843
0.84036,0.96328
0.22112,0.20665
0.30373,0.36274
3.92413,4.05898
0.63958,0.80753
4.03227,3.85819
0.90946,0.98266
0.64318,0.44551
-0.41847,-0.41811
3.72409,3.61883
2.14177,2.04444
0.02649,-0.15208
0.84444,1.02696
1.47951,1.72817
1.5101,1.53362
0.20182,0.17621
-0.21191,-0.29766
0.56346,0.74505
0.72773,0.70125
-0.20662,-0.12367
0.8229,1.04031
1.25661,1.41937
0.48903,0.64654
0.35599,0.37918
1.23993,1.27461
1.08767,1.27078
0.10569,0.13192
0.5128,0.43765
0.06456,0.07135
3.73581,3.95235
0.22075,0.34121
0.42737,0.49611
1.07579,1.15224
0.36632,0.49301
-0.40024,-0.38269
0.37951,0.26791
0.44909,0.41125
0.93544,1.10101
3.96618,3.92883
1.07901,1.05269
0.30372,0.36383
0.18771,0.44155
1.36022,1.54012
1.47877,1.75259
0.13959,0.10097
1.20814,1.24995
1.63881,1.6839
1.22461,1.4503
0.13746,0.13377
0.58439,0.66302
0.04835,0.10094
0.25464,0.24472
0.38422,0.43822
0.12605,0.21211
0.157,0.27011
0.15112,0.21794
0.66277,0.81332
0.30928,0.16269
-0.50391,-0.54463
4.08887,4.21738
4.16246,4.04565
-0.21356,-0.10504
-0.14861,-0.1365
1.17326,1.04188
4.27994,4.29064
0.42329,0.38267
-0.33424,-0.13522
0.81008,0.79257
0.74641,0.89327
0.20908,0.40791
0.82349,1.01279
0.2089,0.09888
0.33198,0.5738
0.19403,0.2725
0.92366,1.13406
-0.07331,-0.12336
3.52675,3.49432
0.482,0.42857
-0.39181,-0.33828
4.10416,4.13504
0.86071,0.8831
1.12825,1.36567
0.80435,0.89247
0.11024,0.19885
0.00494,0.25641
-0.04058,0.14565
-0.21005,-0.18653
0.08098,0.21262
-0.30303,-0.35814
0.69304,0.6975
0.54707,0.72163
1.70108,1.57028
1.01034,0.95975
0.03349,0.13153
0.29418,0.13419
1.04693,1.20797
-0.00697,0.07044
0.34196,0.79239
1.43741,1.52657
1.35384,1.48565
1.2773,1.5086
0.27607,0.2621
0.04353,0.03446
-0.31318,-0.25031
0.29289,0.44222
0.86939,0.84071
0.87475,0.80954
0.38647,0.38966
-0.17126,-0.13417
0.32332,0.37939
-0.16204,-0.22568
0.54982,0.66476
1.21075,1.17137
0.20811,0.31885
0.95518,1.13908
1.44099,1.42997
0.78336,0.84686
1.51582,1.63595
0.12591,0.0205
0.60536,0.63156
0.56838,0.65573
1.3413,1.51376
-0.19671,-0.03358
0.85497,1.04235
-0.05869,0.00965
0.14137,0.09336
0.80833,0.66711
3.17656,3.18546
0.11604,0.21346
2.07093,2.15407
1.8291,1.88755
4.17094,4.38236
1.13441,1.06211
-0.07479,-0.13533
1.20683,1.16824
0.21791,0.44429
0.22628,0.30376
-0.25184,-0.20679
0.03365,0.13238
-0.39151,-0.32009
0.80813,0.99166
0.07577,0.0401
0.57514,0.60204
0.47108,0.40504
0.86485,0.91677
0.85645,0.91966
0.61374,0.71482
0.47266,0.55568
-0.26931,-0.09179
0.38265,0.5022
0.49263,0.59553
-0.29516,-0.09637
0.53816,0.56269
1.1209,1.04307
0.64802,0.79684
0.04165,0.12939
0.06356,0.19423
1.30898,1.4882
-0.02058,0.08427
1.27864,1.39247
1.38487,1.56225
1.99203,1.81836
-0.1725,-0.13362
2.0292,2.25567
-0.15068,0.02729
0.58501,0.71793
0.6548,0.78707
-0.16916,-0.19235
0.17002,0.08279
4.27996,4.1663
-0.50326,-0.56612
1.54693,1.35778
3.84305,3.89723
0.63103,0.67607
-0.01812,0.10672
0.45408,0.6763
4.34389,4.24473
0.09856,-0.02541
1.50136,1.50349
0.50312,0.71925
0.05958,0.03713
0.25241,0.24089
0.08954,0.13402
-0.16229,-0.12147
0.85952,0.86774
-0.03535,-0.01505
0.03041,0.05931
0.12579,0.16411
0.08083,0.202
0.35165,0.38763
1.66019,1.82955
-0.39067,-0.30158
-0.32545,-0.22326
-0.02651,0.0192
-0.26092,-0.16285
1.30798,1.33535
1.83333,1.92767
0.27975,0.38867
0.62244,0.74823
